{
  "timestamp": "2025-11-14T01:27:27.863Z",
  "targetMs": 10,
  "scales": {
    "100": {
      "elementCount": 100,
      "metrics": {
        "ariaApplication": {
          "avg": 0.6377866200000016,
          "min": 0.4394999999999527,
          "max": 5.024874999999952,
          "p50": 0.5008750000000646,
          "p95": 0.8052089999999907,
          "p99": 5.024874999999952
        },
        "keyboardEvent": {
          "avg": 0.05224663000000305,
          "min": 0.008624999999938154,
          "max": 0.11320799999998599,
          "p50": 0.05349999999998545,
          "p95": 0.07583399999998619,
          "p99": 0.08675000000005184
        },
        "focusManagement": {
          "avg": 0.23330831999998508,
          "min": 0.21595800000000054,
          "max": 0.3230829999999969,
          "p50": 0.2287499999999909,
          "p95": 0.2610419999999749,
          "p99": 0.3230829999999969
        },
        "liveRegion": {
          "avg": 0.008626249999998663,
          "min": 0.005708000000026914,
          "max": 0.026041999999961263,
          "p50": 0.007833000000005086,
          "p95": 0.017041000000062922,
          "p99": 0.025708000000008724
        },
        "multiSelection": {
          "avg": 0.028742480000014437,
          "min": 0.002583999999956177,
          "max": 0.04837500000007822,
          "p50": 0.029291999999941254,
          "p95": 0.04075000000000273,
          "p99": 0.04837500000007822
        },
        "announcement": {
          "avg": 0.007351730000010548,
          "min": 0.006499999999959982,
          "max": 0.014874999999960892,
          "p50": 0.006958999999937987,
          "p95": 0.010499999999979082,
          "p99": 0.013165999999955602
        },
        "memory": {
          "heapUsed": 2.0625,
          "heapTotal": 0,
          "external": 0.00003814697265625,
          "perElement": 21.12
        }
      }
    },
    "1000": {
      "elementCount": 1000,
      "metrics": {
        "ariaApplication": {
          "avg": 5.866553299999992,
          "min": 4.559916999999814,
          "max": 13.04970800000001,
          "p50": 5.300666000000092,
          "p95": 8.158125000000041,
          "p99": 13.04970800000001
        },
        "keyboardEvent": {
          "avg": 0.20238540000000513,
          "min": 0.11333300000001145,
          "max": 0.8751670000001468,
          "p50": 0.14374999999995453,
          "p95": 0.49816600000008293,
          "p99": 0.7372909999999138
        },
        "focusManagement": {
          "avg": 2.3815558599999984,
          "min": 2.135665999999901,
          "max": 6.53816699999993,
          "p50": 2.1787919999999303,
          "p95": 3.18300000000022,
          "p99": 6.53816699999993
        },
        "liveRegion": {
          "avg": 0.004891230000009727,
          "min": 0.00437499999998181,
          "max": 0.013457999999900494,
          "p50": 0.00454200000012861,
          "p95": 0.0053339999999479915,
          "p99": 0.013416000000006534
        },
        "multiSelection": {
          "avg": 0.029910900000008952,
          "min": 0.026999999999816282,
          "max": 0.03245799999990595,
          "p50": 0.029708000000027823,
          "p95": 0.03208400000016809,
          "p99": 0.03245799999990595
        },
        "announcement": {
          "avg": 0.005335859999997865,
          "min": 0.004749999999830834,
          "max": 0.01829200000020137,
          "p50": 0.005000000000109139,
          "p95": 0.005708000000140601,
          "p99": 0.01583400000004076
        },
        "memory": {
          "heapUsed": 17.3348388671875,
          "heapTotal": 0,
          "external": 0,
          "perElement": 17.750875
        }
      }
    },
    "5000": {
      "elementCount": 5000,
      "metrics": {
        "ariaApplication": {
          "avg": 29.590017499999984,
          "min": 24.35458299999982,
          "max": 54.47262499999988,
          "p50": 26.62112500000012,
          "p95": 47.34450000000015,
          "p99": 54.47262499999988
        },
        "keyboardEvent": {
          "avg": 0.49390711999998077,
          "min": 0.4679580000001806,
          "max": 0.600416999999652,
          "p50": 0.48716700000022684,
          "p95": 0.539958000000297,
          "p99": 0.575916999999663
        },
        "focusManagement": {
          "avg": 13.71997909999999,
          "min": 11.469749999999294,
          "max": 27.62545799999998,
          "p50": 12.670375000000604,
          "p95": 19.044750000000022,
          "p99": 27.62545799999998
        },
        "liveRegion": {
          "avg": 0.006252420000009806,
          "min": 0.003290999999990163,
          "max": 0.14625000000069122,
          "p50": 0.0035420000003796304,
          "p95": 0.006667000000561529,
          "p99": 0.06599999999980355
        },
        "multiSelection": {
          "avg": 0.031535019999973886,
          "min": 0.02170899999964604,
          "max": 0.03783300000031886,
          "p50": 0.03191699999933917,
          "p95": 0.034541999999419204,
          "p99": 0.03783300000031886
        },
        "announcement": {
          "avg": 0.00410875000001397,
          "min": 0.0036250000002837623,
          "max": 0.027084000000286323,
          "p50": 0.003792000000430562,
          "p95": 0.0042920000005324255,
          "p99": 0.00633300000026793
        },
        "memory": {
          "heapUsed": 15.469528198242188,
          "heapTotal": 34.25,
          "external": -0.00000476837158203125,
          "perElement": 3.168159375
        }
      }
    }
  },
  "summary": {
    "passedTarget": {
      "100": {
        "ariaApplication": 0.6377866200000016,
        "keyboardEvent": 0.05224663000000305,
        "focusManagement": 0.23330831999998508,
        "liveRegion": 0.008626249999998663,
        "multiSelection": 0.028742480000014437,
        "announcement": 0.007351730000010548
      },
      "1000": {
        "ariaApplication": 5.866553299999992,
        "keyboardEvent": 0.20238540000000513,
        "focusManagement": 2.3815558599999984,
        "liveRegion": 0.004891230000009727,
        "multiSelection": 0.029910900000008952,
        "announcement": 0.005335859999997865
      },
      "5000": {
        "keyboardEvent": 0.49390711999998077,
        "liveRegion": 0.006252420000009806,
        "multiSelection": 0.031535019999973886,
        "announcement": 0.00410875000001397
      }
    },
    "failedTarget": {
      "100": {},
      "1000": {},
      "5000": {
        "ariaApplication": 29.590017499999984,
        "focusManagement": 13.71997909999999
      }
    },
    "memoryEfficiency": {
      "100": {
        "heapUsed": 2.0625,
        "heapTotal": 0,
        "external": 0.00003814697265625,
        "perElement": 21.12
      },
      "1000": {
        "heapUsed": 17.3348388671875,
        "heapTotal": 0,
        "external": 0,
        "perElement": 17.750875
      },
      "5000": {
        "heapUsed": 15.469528198242188,
        "heapTotal": 34.25,
        "external": -0.00000476837158203125,
        "perElement": 3.168159375
      }
    },
    "scalability": {
      "ariaApplication": {
        "scaleFactor": 50,
        "timeFactor": 46.3948545988624,
        "efficiency": "107.8%"
      },
      "keyboardEvent": {
        "scaleFactor": 50,
        "timeFactor": 9.453377567126376,
        "efficiency": "528.9%"
      },
      "focusManagement": {
        "scaleFactor": 50,
        "timeFactor": 58.8062144547647,
        "efficiency": "85.0%"
      },
      "liveRegion": {
        "scaleFactor": 50,
        "timeFactor": 0.7248132154772671,
        "efficiency": "6898.3%"
      },
      "multiSelection": {
        "scaleFactor": 50,
        "timeFactor": 1.0971572390398479,
        "efficiency": "4557.2%"
      },
      "announcement": {
        "scaleFactor": 50,
        "timeFactor": 0.5588820590538656,
        "efficiency": "8946.4%"
      }
    }
  }
}